Workbook

Sheet 스킬데이터
A1: 계열 | B1: 직업 | C1: 스킬명 | D1: 차수 | E1: 구분 | F1: 쿨타임(초) | G1: 지속시간(초) | H1: 지속시간2(초) | I1: 계수(1레벨) | J1: 타수 | K1: 대상수 | L1: 마스터리 | M1: 세부내용
A2: 전사 | B2: 팔라딘 | C2: 아이언바디 | D2: 1차 | E2: 패시브 | L2: 방어력 증가량 10%P 증가 | M2: STR 30, 방어력 15% 증가
A3: 전사 | B3: 팔라딘 | C3: 워리어 마스터리 | D3: 1차 | E3: 패시브 | L3: 이동 속도 증가량 5%P 증가 | M3: 최대 HP10%, 이동속도 10% 증가
A4: 전사 | B4: 팔라딘 | C4: 웨폰 액셀레이션 | D4: 2차 | E4: 패시브 | M4: 공격 속도 5% 증가
A5: 전사 | B5: 팔라딘 | C5: 페이지 오더 | D5: 2차 | E5: 액티브 | F5: 18 | I5: 4.6 | L5: 페이지 오더 피해량 50% 증가, 페이지 오더에 피해입은 적 10초간 받는 피해 10% 증가
A6: 전사 | B6: 팔라딘 | C6: 피지컬 트레이닝 | D6: 2차 | E6: 패시브 | M6: 기본 공격 데미지 10% 증가
A7: 전사 | B7: 팔라딘 | C7: 스탠스 | D7: 2차 | E7: 패시브 | M7: 받는 피해 3% 감소, 공격력 8% 증가
A8: 전사 | B8: 팔라딘 | C8: 웨폰 마스터리 | D8: 2차 | E8: 패시브 | M8: 최소 데미지 배율 15% 증가
A9: 전사 | B9: 팔라딘 | C9: 홀리 차지 | D9: 2차 | E9: 패시브 | G9: 10 | L9: 홀리 차지 공격력 증가량 5%P 증가 | M9: 기본 공격 시 15% 확률로 10초간 공격력 15% 증가
A10: 전사 | B10: 팔라딘 | C10: 파이널 어택 | D10: 2차 | E10: 패시브 | L10: 파이널 어택 피해량 50% 증가 | M10: 공격 시 25% 확률로 파이널 어택 발동하여 35% 추가 피해
A11: 전사 | B11: 팔라딘 | C11: 아킬레스 | D11: 3차 | E11: 패시브 | M11: 받는 피해 6% 감소, 디버프 내성 5 증가
A12: 전사 | B12: 팔라딘 | C12: 돌진 | D12: 3차 | E12: 액티브 | F12: 22 | I12: 6 | L12: 돌진 피해량 80% 증가, 돌진 재사용 대기시간 30% 감소 | M12: 상대방 2.5초 기절
A13: 전사 | B13: 팔라딘 | C13: 노블 디맨드 | D13: 3차 | E13: 액티브 | F13: 30 | G13: 10 | I13: 16 | L13: 노블 디멘드 피해량 50% 증가, 노블 디맨드 재사용 대기시간 30% 감소 | M13: 10초간 상대방 받는 피해 12% 증가
A14: 전사 | B14: 팔라딘 | C14: 컴뱃 오더스 | D14: 3차 | E14: 액티브 | F14: 35 | G14: 25 | L14: 컴뱃 오더스 지속시간 동안 데미지 25%P 증가, 컴뱃 오더스 지속시간 동안 4차 스킬 레벨 18 증가 | M14: 25초간 3차 스킬레벨18 증가, MP소모량 20% 감소
A15: 전사 | B15: 팔라딘 | C15: 파라쇼크 가드 | D15: 3차 | E15: 패시브 | L15: 공격력 증가량 10%P 증가 | M15: 공격력 18% 증가
A16: 전사 | B16: 팔라딘 | C16: 리스토네이션 | D16: 3차 | E16: 액티브 | F16: 25 | G16: 20 | L16: 리스토네이션 공격력 증가량 10%P 증가 | M16: HP 9% 즉시 회복, 20초간 공격력 12% 증가
A17: 전사 | B17: 팔라딘 | C17: 블레싱 아머 | D17: 3차 | E17: 패시브 | G17: 5 | H17: 10 | M17: 15초마다 5초간 지속되는 보호막 생성하여 최대 HP의 6% 만큼 피해 방어, 10초간 최종 데미지가 15% 증가
A18: 전사 | B18: 팔라딘 | C18: 블래스트 | D18: 4차 | E18: 기본공격 | I18: 2.9 | J18: 5 | L18: 블래스트 피해량 75% 증가, 보스 몬스터 데미지 20% 추가 적용, 적 타격 횟수 1 증가 | M18: 스킬타수 5회
A19: 전사 | B19: 팔라딘 | C19: 메이플용사 | D19: 4차 | E19: 패시브 | M19: 노블 디맨드 20%, 돌진 30%, 페이지 오더 80%, 파이널 어택 150% 최종데미지 증가
A20: 전사 | B20: 팔라딘 | C20: 생츄어리 | D20: 4차 | E20: 액티브 | F20: 18 | I20: 7.8 | J20: 5 | L20: 생츄어리 피해량 50% 증가, 보스 몬스터 데미지 100% 추가 적용 | M20: 스킬타수 5회, 보스 몬스터 데미지 100% 추가 적용
A21: 전사 | B21: 팔라딘 | C21: 가디언 스피릿 | D21: 4차 | E21: 액티브 | F21: 24 | G21: 20 | L21: 지속시간 동안 아군 받는 피해 5% 감소 | M21: 20초간 최종 데미지 10% 증가
A22: 전사 | B22: 팔라딘 | C22: 디바인 스티그마 | D22: 4차 | E22: 액티브 | F22: 16 | I22: 4.6 | J22: 6 | L22: 디바인 스티그마 피해량 50% 증가, 피해입은 적 10초간 받는 피해 20% 증가 | M22: 스킬타수 6회, 성흔을 남기고 성흔은 주변 적 400% 피해를 4회 입힘
A23: 전사 | B23: 팔라딘 | C23: 어드밴스드 홀리 차지 | D23: 4차 | E23: 패시브 | L23: 어드밴스드 홀리 차지 최종 데미지 10%P 증가 | M23: 홀리 차지 지속시간 동안 최종 데미지 18% 증가
A24: 전사 | B24: 팔라딘 | C24: 디바인 블레싱 | D24: 4차 | E24: 액티브 | F24: 30 | G24: 22 | L24: 디바인 블레싱 최종 데미지 12%P 증가 | M24: 22초간 최종 데미지 12% 증가
A25: 전사 | B25: 팔라딘 | C25: 매직 크래쉬 | D25: 4차 | E25: 액티브 | F25: 28 | I25: 48
A26: 전사 | B26: 팔라딘 | C26: 팔라딘 엑스퍼트 | D26: 4차 | E26: 패시브 | M26: 스킬 데미지 15%, 최대 데미지 배율 20% 증가
A27: 전사 | B27: 팔라딘 | C27: 디바인 저지먼트 | D27: 4차 | E27: 패시브 | G27: 5 | I27: 8.5 | J27: 4 | L27: 디바인 저지먼트 피해량 50% 증가 | M27: 스킬타수 4회, 기본 공격 효과 스킬을 10회 사용할때마다 5초간 기본 공격 데미지 30% 증가
A28: 전사 | B28: 히어로 | C28: 아이언바디 | D28: 1차 | E28: 패시브 | L28: 아이언 바디 방어력 증가량 10%p 증가 | M28: STR 30, 방어력 15% 증가
A29: 전사 | B29: 히어로 | C29: 워리어 마스터리 | D29: 1차 | E29: 패시브 | L29: 워리어 마스터리 이동 속도 증가량 5%p 증가 | M29: 최대 HP10%, 이동속도 10% 증가
A30: 전사 | B30: 히어로 | C30: 웨폰 액셀레이션 | D30: 2차 | E30: 패시브 | M30: 공격 속도 5% 증가
A31: 전사 | B31: 히어로 | C31: 플래시 슬래시 | D31: 2차 | E31: 액티브 | F31: 16 | I31: 3.5 | J31: 1 | K31: 7 | L31: 플래시 슬래시 피해량 50% 증가
A32: 전사 | B32: 히어로 | C32: 피지컬 트레이닝 | D32: 2차 | E32: 패시브 | M32: 기본 공격 데미지 10% 증가
A33: 전사 | B33: 히어로 | C33: 스피릿 블레이드 | D33: 2차 | E33: 액티브 | F33: 45 | G33: 20 | L33: 스피릿 블레이드 재사용 대기시간 30% 감소 | M33: 20초간 받는 피해 8% 감소, 아군 플레이어 공격력 10% 증가
A34: 전사 | B34: 히어로 | C34: 웨폰 마스터리 | D34: 2차 | E34: 패시브 | M34: 최소 데미지 배율 15% 증가
A35: 전사 | B35: 히어로 | C35: 콤보 어택 | D35: 2차 | E35: 패시브 | G35: 10 | L35: 콤보 어택 공격력 증가량 1.5%p 증가 | M35: 공격 시 40% 확률로 10초간 공격력 4% 증가, 최대 5회 중첩
A36: 전사 | B36: 히어로 | C36: 파이널 어택 | D36: 2차 | E36: 패시브 | L36: 파이널 어택 피해량 50% 증가 | M36: 공격 시 25% 확률로 파이널 어택 발동하여 35% 추가 피해
A37: 전사 | B37: 히어로 | C37: 셀프 리커버리 | D37: 3차 | E37: 패시브 | L37: HP 50% 이상일 때 최종 데미지 5% 증가 | M37: 매초 HP 1%, MP 0.5% 회복
A38: 전사 | B38: 히어로 | C38: 돌진 | D38: 3차 | E38: 액티브 | F38: 22 | I38: 6 | J38: 1 | K38: 12 | L38: 돌진 피해량 80% 증가, 돌진 재사용 대기시간 30% 감소 | M38: 상대방 2.5초 기절
A39: 전사 | B39: 히어로 | C39: 스카링 소드 | D39: 3차 | E39: 액티브 | F39: 30 | G39: 15 | H39: 10 | L39: 스카링 소드 받는 피해 증가량 8%p 증가 | M39: 15초간 35% 확률로 10초간 대상 공격력 10% 감소, 대상 받는 피해 20% 증가
A40: 전사 | B40: 히어로 | C40: 오라 블레이드 | D40: 3차 | E40: 액티브 | F40: 16 | I40: 2.5 | J40: 4 | K40: 8 | L40: 오라 블레이드 피해량 50% 증가, 오라 블레이드 적 타격 횟수 1 증가, 오라 블레이드 재사용 대기시간 30% 감소 | M40: 스킬 타수 4회
A41: 전사 | B41: 히어로 | C41: 찬스 어택 | D41: 3차 | E41: 패시브 | M41: 크리티컬 확률 8% 증가, 상태이상 데미지 12% 증가
A42: 전사 | B42: 히어로 | C42: 인듀어 | D42: 3차 | E42: 패시브 | M42: 디버프 내성 15 증가
A43: 전사 | B43: 히어로 | C43: 콤보 시너지 | D43: 3차 | E43: 패시브 | L43: 콤보 시너지 최종 데미지 증가량 1%p 증가 | M43: 콤보가 중첩될 확률이 10%P 증가, 콤보 중첩마다 최종데미지 5% 증가
A44: 전사 | B44: 히어로 | C44: 레이징 블로우 | D44: 4차 | E44: 기본공격 | I44: 2.9 | J44: 5 | K44: 6 | L44: 레이징 블로우 피해량 75% 증가, 보스 몬스터 데미지 20% 추가 적용, 적 타격 횟수 1 증가 | M44: 스킬타수 5회
A45: 전사 | B45: 히어로 | C45: 메이플용사 | D45: 4차 | E45: 패시브 | M45: 오라 블레이드 20%, 돌진 30%, 플래시 슬래시 80% 최종 데미지 증가
A46: 전사 | B46: 히어로 | C46: 인사이징 | D46: 4차 | E46: 액티브 | F46: 19 | G46: 10 | I46: 9 | J46: 3 | K46: 5 | L46: 인사이징 피해량 50% 증가, 인사이징 받는 피해 증가량 50% 증가 | M46: 스킬 타수 3회, 10초 동안 1초마다 150% 피해, 보스라면 지속시간 동안 상대 받는 피해 10% 증가
A47: 전사 | B47: 히어로 | C47: 어드밴스드 파이널 어택 | D47: 4차 | E47: 패시브 | L47: 어드밴스드 파이널 어택 최종 데미지 증가량 50% 증가 | M47: 파이널 어택 최종데미지 500% 증가
A48: 전사 | B48: 히어로 | C48: 인핸스 레이징 블로우 | D48: 4차 | E48: 액티브 | F48: 19 | I48: 5.5 | J48: 6 | K48: 9 | L48: 인핸스 레이징 블로우 피해량 50% 증가, 인핸스 레이징 블로우 콤보 초과 중첩 당 최종 데미지 20% 증가 | M48: 스킬 타수 6회, 보스 몬스터 데미지 100% 추가 적용
A49: 전사 | B49: 히어로 | C49: 어드밴스드 콤보 | D49: 4차 | E49: 패시브 | L49: 콤보 어택 최대 중첩 수 1 증가, 콤보 중첩 당 방어 관통력 1% 증가 | M49: 콤보 어택 최대 중첩 2개 증가
A50: 전사 | B50: 히어로 | C50: 인레이지 | D50: 4차 | E50: 패시브 | G50: 5 | M50: 10초마다 5초간 최종 데미지 12%, 크리티컬 데미지 15% 증가
A51: 전사 | B51: 히어로 | C51: 매직 크래쉬 | D51: 4차 | E51: 액티브 | F51: 28 | I51: 48 | J51: 1 | K51: 5 | L51: 매직 크래쉬에 피해입은 적 15초간 받는 피해 10% 증가
A52: 전사 | B52: 히어로 | C52: 컴뱃 마스터리 | D52: 4차 | E52: 패시브 | M52: 스킬 데미지 15%, 최대 데미지 배율 20% 증가
A53: 전사 | B53: 히어로 | C53: 스탠스 | D53: 4차 | E53: 패시브 | M53: 받는 피해 5% 감소, 최종 데미지 15% 증가
A54: 전사 | B54: 다크나이트 | C54: 아이언바디 | D54: 1차 | E54: 패시브 | L54: 아이언 바디 방어력 증가량 10%p 증가 | M54: STR 30, 방어력 15% 증가
A55: 전사 | B55: 다크나이트 | C55: 워리어 마스터리 | D55: 1차 | E55: 패시브 | L55: 워리어 마스터리 이동 속도 증가량 5%p 증가 | M55: 최대 HP10%, 이동속도 10% 증가
A56: 전사 | B56: 다크나이트 | C56: 웨폰 액셀레이션 | D56: 2차 | E56: 패시브 | M56: 공격 속도 5% 증가
A57: 전사 | B57: 다크나이트 | C57: 비홀더 | D57: 2차 | E57: 액티브 | F57: 30 | G57: 20 | L57: 비홀더 받는 피해 증가량 10%p 증가, 비홀더 재사용 대기시간 30% 감소 | M57: 20초간 주변 적들 받는 피해 15% 증가
A58: 전사 | B58: 다크나이트 | C58: 아이언 월 | D58: 2차 | E58: 패시브 | M58: 방어력의 10% 만큼 STR 증가
A59: 전사 | B59: 다크나이트 | C59: 비홀더 쇼크 | D59: 2차 | E59: 패시브 | F59: 18 | I59: 0.7 | J59: 6 | K59: 1 | L59: 비홀더 쇼크 피해량 50% 증가 | M59: 스킬 타수 6회, 1.5초간 기절
A60: 전사 | B60: 다크나이트 | C60: 웨폰 마스터리 | D60: 2차 | E60: 패시브 | M60: 최소 데미지 배율 15% 증가
A61: 전사 | B61: 다크나이트 | C61: 하이퍼 바디 | D61: 2차 | E61: 액티브 | F61: 30 | G61: 15 | L61: 하이퍼 바디 지속시간 50% 증가 | M61: 15초간 공격력 12% 증가, 아군 플레이어 방어력 15% 증가
A62: 전사 | B62: 다크나이트 | C62: 파이널 어택 | D62: 2차 | E62: 패시브 | L62: 파이널 어택 피해량 50% 증가 | M62: 공격 시 25% 확률로 파이널 어택 발동하여 35% 추가 피해
A63: 전사 | B63: 다크나이트 | C63: 비홀더 도미넌트 | D63: 3차 | E63: 패시브 | I63: 0.6 | L63: 비홀더 도미넌트 피해량 50% 증가, 비홀더 도미넌트 최대 대상 수 3 증가 | M63: [비홀더 소환 중] 비홀더를 강화하여 1초마다 지속 피해
A64: 전사 | B64: 다크나이트 | C64: 돌진 | D64: 3차 | E64: 액티브 | F64: 22 | I64: 6 | J64: 1 | K64: 12 | L64: 돌진 피해량 80% 증가, 돌진 재사용 대기시간 30% 감소 | M64: 상대방 2.5초 기절
A65: 전사 | B65: 다크나이트 | C65: 크로스 오버 체인 | D65: 3차 | E65: 액티브 | F65: 30 | G65: 15 | L65: 크로스 오버 체인 공격력 100% 증가 | M65: 15초간 공격력 15% 증가, 현재 HP가 50% 이하면 공격력 증가 효과가 사라지고 받는 피해가 10% 감소
A66: 전사 | B66: 다크나이트 | C66: 비홀더스 버프 | D66: 3차 | E66: 패시브 | L66: 비홀더 소환 지속시간 동안 보스 몬스터 데미지 20% 증가, 비홀더스 버프 공격력 증가량 50% 추가 증가 | M66: 비홀더 소환 지속시간 동안 아군 플레이어의 공격력 15% 증가
A67: 전사 | B67: 다크나이트 | C67: 로드 오브 다크니스 | D67: 3차 | E67: 패시브 | F67: 2 | G67: 5 | M67: 공격 시 30% 확률로 HP를 1.5% 회복, 5초간 크리티컬 확률8%, 크리티컬 데미지 30% 증가
A68: 전사 | B68: 다크나이트 | C68: 인듀어 | D68: 3차 | E68: 패시브 | M68: 디버프 내성 15 증가
A69: 전사 | B69: 다크나이트 | C69: 비홀더 쇼크 강화 | D69: 3차 | E69: 패시브 | M69: 비홀더 쇼크 대상이 9명으로 변경, 최종데미지 100% 증가
A70: 전사 | B70: 다크나이트 | C70: 다크 임페일 | D70: 4차 | E70: 기본공격 | I70: 2.9 | J70: 5 | K70: 6 | L70: 다크 임페일 피해량 75% 증가, 보스 몬스터 데미지 20% 추가 적용, 적 타격 횟수 1 증가 | M70: 스킬 타수 5회
A71: 전사 | B71: 다크나이트 | C71: 메이플용사 | D71: 4차 | E71: 패시브 | M71: 비홀더 도미넌트 40%, 돌진 30%, 비홀더 쇼크 30% 최종 데미지 증가
A72: 전사 | B72: 다크나이트 | C72: 궁니르 디센트 | D72: 4차 | E72: 액티브 | F72: 13 | I72: 18 | J72: 2 | K72: 1 | L72: 궁니르 디센트 피해량 50% 증가, 궁니르 디센트 기본 피해량 50%, 타격 횟수 4 증가 | M72: 스킬 타수 2회
A73: 전사 | B73: 다크나이트 | C73: 어드밴스드 파이널 어택 | D73: 4차 | E73: 패시브 | L73: 어드밴스드 파이널 어택 최종 데미지 증가량 50% 증가 | M73: 파이널 어택 최종데미지 500% 증가
A74: 전사 | B74: 다크나이트 | C74: 리인카네이션 | D74: 4차 | E74: 패시브 | G74: 2 | L74: 리인카네이션 최종 데미지 증가량 100% 증가, 피해 면역 효과 발동 시 최대 HP의 10% 회복 | M74: 최종 데미지 10% 증가, HP가 1% 밑으로 내려가면 2초간 피해 면역 상태, 전투 중 한번만 발동
A75: 전사 | B75: 다크나이트 | C75: 비홀더스 리벤지 | D75: 4차 | E75: 패시브 | F75: 5 | I75: 8.5 | J75: 2 | K75: 1 | L75: 비홀더스 리벤지 피해량 50% 증가, 비홀더 쇼크 사용 시 경로상의 적들에게 2200% 피해 | M75: 비홀더 소환 중 스킬타수 2회
A76: 전사 | B76: 다크나이트 | C76: 다크 레조넌스 | D76: 4차 | E76: 액티브 | F76: 35 | G76: 20 | L76: 다크 레조넌스 지속시간 40% 증가 | M76: 20초간 공격력 30% 증가
A77: 전사 | B77: 다크나이트 | C77: 매직 크래쉬 | D77: 4차 | E77: 액티브 | F77: 28 | I77: 48 | L77: 매직 크래쉬에 피해입은 적 15초간 받는 피해 10% 증가
A78: 전사 | B78: 다크나이트 | C78: 어드밴스드 웨폰 마스터리 | D78: 4차 | E78: 패시브 | M78: 스킬 데미지 15%, 최대 데미지 배율 20% 증가
A79: 전사 | B79: 다크나이트 | C79: 스탠스 | D79: 4차 | E79: 패시브 | M79: 받는 피해 5% 감소, 최종 데미지 15% 증가
A80: 법사 | B80: 비숍 | C80: 매직 가드 | D80: 1차 | E80: 액티브 | G80: 15 | M80: 15초간 공격력 12%, 방어력 12% 증가
A81: 법사 | B81: 비숍 | C81: 매직 액셀레이션 | D81: 2차 | E81: 패시브 | M81: 공격 속도 5% 증가
A82: 법사 | B82: 비숍 | C82: 힐 | D82: 2차 | E82: 액티브 | G82: 10 | M82: 10초간 지속 회복 부여 1초마다 1% 회복, 스킬 지속시간 동안 공격력 10% 증가
A83: 법사 | B83: 비숍 | C83: 인빈서블 | D83: 2차 | E83: 패시브 | M83: 방어력의 10%만큼 INT 증가
A84: 법사 | B84: 비숍 | C84: 블레스 | D84: 2차 | E84: 액티브 | G84: 15 | M84: 15초간 공격력 16% 증가
A85: 법사 | B85: 비숍 | C85: 스펠 마스터리 | D85: 2차 | E85: 패시브 | M85: 최소 데미지 배율 15% 증가
A86: 법사 | B86: 비숍 | C86: MP이터 | D86: 2차 | E86: 패시브 | M86: 공격 시 50% 확률로 MP 1.5% 회복
A87: 법사 | B87: 비숍 | C87: 하이 위즈덤 | D87: 2차 | E87: 패시브 | M87: 크리티컬 확률 8% 증가
A88: 법사 | B88: 비숍 | C88: 디바인 프로텍션 | D88: 3차 | E88: 패시브 | G88: 15 | H88: 2 | M88: 15초간 방어력 25% 방어력 증가, 2초간 디버프 면역, 이후 20초마다 발동
A89: 법사 | B89: 비숍 | C89: 트라이엄프 페더 | D89: 3차 | E89: 패시브 | G89: 10 | H89: 1 | I89: 1.5 | M89: 공격 시 15% 확률로 10초간 35% 확률로 150% 추가 피해 2회, 동일한 대상에게 1초간 다시 발동 안함
A90: 법사 | B90: 비숍 | C90: 홀리 파운틴 | D90: 3차 | E90: 액티브 | G90: 25 | H90: 3 | M90: 25초간 HP 2% 회복, 회복 효과는 3초 동안 다시 받을 수 없습니다.
A91: 법사 | B91: 비숍 | C91: 홀리 매직 쉘 | D91: 3차 | E91: 액티브 | G91: 22 | M91: 22초간 공격력 15% 증가, 플레이어의 받는 피해 5% 감소
A92: 법사 | B92: 비숍 | C92: 홀리 심볼 | D92: 3차 | E92: 패시브 | G92: 14 | M92: 14초간 일반 몬스터 데미지 15%, 디버프 내성 5 증가, 이후 28초마다 발동
A93: 법사 | B93: 비숍 | C93: 매직 크리티컬 | D93: 3차 | E93: 패시브 | M93: 크리티컬 확률 8%, 크리티컬 데미지 12% 증가
A94: 법사 | B94: 비숍 | C94: 엘리먼트 앰플리피케이션 | D94: 3차 | E94: 패시브 | M94: 현재 MP가 50% 이상이라면, MP소모량이 10% 증가하고 최종 데미지 15% 증가
A95: 법사 | B95: 비숍 | C95: 빅뱅 | D95: 4차 | E95: 기본공격 | I95: 2.9 | J95: 5 | L95: 빅뱅 피해량 75% 증가, 보스 몬스터 데미지 20% 추가 적용, 적 타격 횟수 1 증가 | M95: 스킬 타수 5회
A96: 법사 | B96: 비숍 | C96: 메이플 용사 | D96: 4차 | E96: 패시브 | M96: 트라이엄프 페더 50% 최종 데미지 증가, 힐 25%, 홀리 파운틴 30% HP 회복량 증가
A97: 법사 | B97: 비숍 | C97: 엔젤레이 | D97: 4차 | E97: 액티브 | I97: 6.8 | J97: 6 | M97: 스킬 타수 6회, 상대 1초간 기절
A98: 법사 | B98: 비숍 | C98: 제네시스 | D98: 4차 | E98: 액티브 | I98: 7 | J98: 6 | M98: 스킬 타수 6회
A99: 법사 | B99: 비숍 | C99: 어드밴스드 블레스 | D99: 4차 | E99: 액티브 | G99: 20 | M99: 20초간 최종 데미지 7% 증가, MP 소모량 7% 감소
A100: 법사 | B100: 비숍 | C100: 인피니티 | D100: 4차 | E100: 액티브 | G100: 15 | M100: 15초간 최종 데미지 15% 증가, 1초마다 1% 추가 증가, 추가 효과는 최대 10회
...

Sheet 기준·현황
A1: 📋 수집 기준 (확정 2026-08-08)
A2: 1. 스킬 계수는 전 스킬 1레벨 기준으로 수집 — 직업 간 비교·밸런스 랭킹 기준선
A3: (본인 딜 계산은 본인 계수를 따로 입력, 1레벨 값으로 대체하지 않음)
A4: 2. 타수 = 1회 시전에 몇 번 때리는가 / 대상수 = 몇 명을 때리는가 — 별개 컬럼
A5: 3. 쿨타임·지속시간은 숫자만(초). 지속 효과가 2개인 스킬은 지속시간2에 두 번째 값
A6: 4. 기절·빙결 등 CC 시간은 지속시간에 넣지 않음 (세부내용에만)
A7: 5. 아래 전직업 공통 마스터리 7종은 스탯창에 이미 적용 기준 → 시트에 적지 않음
A8: 6. 마스터리는 쿨감 / 버프 강화 / 스킬 피해량 / 타격 횟수·보스뎀 4종류만 수집
A10: 🚫 전직업 공통 마스터리 7종 (스탯창 기적용 — 수집 제외)
A11: · 기본 공격 데미지 15% 증가
A12: · 기본 공격 대상 수 1 증가
A13: · 최대 데미지 배율 10% 증가
... A19: 📊 직업별 수집 현황 (자동 집계)
A20: 계열 | B20: 직업 | C20: 주스탯 | D20: 부스탯 | E20: 스킬 수 | F20: 쿨타임 입력 | G20: 마스터리 입력 | H20: 계수 입력
A21: 전사 | B21: 히어로 | C21: STR | D21: DEX | E21: =COUNTIF(스킬데이터!$B:$B,$B21) -> 26 | F21: =COUNTIFS(스킬데이터!$B:$B,$B21,스킬데이터!$F:$F,"<>") -> 8 | G21: =COUNTIFS(스킬데이터!$B:$B,$B21,스킬데이터!$L:$L,"<>") -> 17 | H21: =COUNTIFS(스킬데이터!$B:$B,$B21,스킬데이터!$I:$I,"<>") -> 7
A22: 전사 | B22: 팔라딘 | C22: STR | D22: DEX | E22: =COUNTIF(스킬데이터!$B:$B,$B22) -> 26 | F22: =COUNTIFS(스킬데이터!$B:$B,$B22,스킬데이터!$F:$F,"<>") -> 10 | G22: =COUNTIFS(스킬데이터!$B:$B,$B22,스킬데이터!$L:$L,"<>") -> 17 | H22: =COUNTIFS(스킬데이터!$B:$B,$B22,스킬데이터!$I:$I,"<>") -> 8
A23: 전사 | B23: 다크나이트 | C23: STR | D23: DEX | E23: =COUNTIF(스킬데이터!$B:$B,$B23) -> 26 | F23: =COUNTIFS(스킬데이터!$B:$B,$B23,스킬데이터!$F:$F,"<>") -> 10 | G23: =COUNTIFS(스킬데이터!$B:$B,$B23,스킬데이터!$L:$L,"<>") -> 17 | H23: =COUNTIFS(스킬데이터!$B:$B,$B23,스킬데이터!$I:$I,"<>") -> 7
A24: 법사 | B24: 불독 | C24: INT | D24: LUK | E24: =COUNTIF(스킬데이터!$B:$B,$B24) -> 25 | F24: =COUNTIFS(스킬데이터!$B:$B,$B24,스킬데이터!$F:$F,"<>") -> 0 | G24: =COUNTIFS(스킬데이터!$B:$B,$B24,스킬데이터!$L:$L,"<>") -> 1 | H24: =COUNTIFS(스킬데이터!$B:$B,$B24,스킬데이터!$I:$I,"<>") -> 8
A25: 법사 | B25: 썬콜 | C25: INT | D25: LUK | E25: =COUNTIF(스킬데이터!$B:$B,$B25) -> 25 | F25: =COUNTIFS(스킬데이터!$B:$B,$B25,스킬데이터!$F:$F,"<>") -> 0 | G25: =COUNTIFS(스킬데이터!$B:$B,$B25,스킬데이터!$L:$L,"<>") -> 1 | H25: =COUNTIFS(스킬데이터!$B:$B,$B25,스킬데이터!$I:$I,"<>") -> 8
A26: 법사 | B26: 비숍 | C26: INT | D26: LUK | E26: =COUNTIF(스킬데이터!$B:$B,$B26) -> 25 | F26: =COUNTIFS(스킬데이터!$B:$B,$B26,스킬데이터!$F:$F,"<>") -> 0 | G26: =COUNTIFS(스킬데이터!$B:$B,$B26,스킬데이터!$L:$L,"<>") -> 1 | H26: =COUNTIFS(스킬데이터!$B:$B,$B26,스킬데이터!$I:$I,"<>") -> 5
A27: 도적 | B27: 나이트로드 | C27: LUK | D27: DEX | E27: =COUNTIF(스킬데이터!$B:$B,$B27) -> 25 | F27: =COUNTIFS(스킬데이터!$B:$B,$B27,스킬데이터!$F:$F,"<>") -> 8 | G27: =COUNTIFS(스킬데이터!$B:$B,$B27,스킬데이터!$L:$L,"<>") -> 17 | H27: =COUNTIFS(스킬데이터!$B:$B,$B27,스킬데이터!$I:$I,"<>") -> 8
A28: 도적 | B28: 섀도어 | C28: LUK | D28: DEX | E28: =COUNTIF(스킬데이터!$B:$B,$B28) -> 26 | F28: =COUNTIFS(스킬데이터!$B:$B,$B28,스킬데이터!$F:$F,"<>") -> 0 | G28: =COUNTIFS(스킬데이터!$B:$B,$B28,스킬데이터!$L:$L,"<>") -> 1 | H28: =COUNTIFS(스킬데이터!$B:$B,$B28,스킬데이터!$I:$I,"<>") -> 10
A29: 궁수 | B29: 보우마스터 | C29: DEX | D29: STR | E29: =COUNTIF(스킬데이터!$B:$B,$B29) -> 26 | F29: =COUNTIFS(스킬데이터!$B:$B,$B29,스킬데이터!$F:$F,"<>") -> 0 | G29: =COUNTIFS(스킬데이터!$B:$B,$B29,스킬데이터!$L:$L,"<>") -> 1 | H29: =COUNTIFS(스킬데이터!$B:$B,$B29,스킬데이터!$I:$I,"<>") -> 4
A30: 궁수 | B30: 신궁 | C30: DEX | D30: STR | E30: =COUNTIF(스킬데이터!$B:$B,$B30) -> 26 | F30: =COUNTIFS(스킬데이터!$B:$B,$B30,스킬데이터!$F:$F,"<>") -> 0 | G30: =COUNTIFS(스킬데이터!$B:$B,$B30,스킬데이터!$L:$L,"<>") -> 1 | H30: =COUNTIFS(스킬데이터!$B:$B,$B30,스킬데이터!$I:$I,"<>") -> 7
A31: 해적 | B31: 바이퍼 | C31: STR | D31: DEX | E31: =COUNTIF(스킬데이터!$B:$B,$B31) -> 25 | F31: =COUNTIFS(스킬데이터!$B:$B,$B31,스킬데이터!$F:$F,"<>") -> 6 | G31: =COUNTIFS(스킬데이터!$B:$B,$B31,스킬데이터!$L:$L,"<>") -> 17 | H31: =COUNTIFS(스킬데이터!$B:$B,$B31,스킬데이터!$I:$I,"<>") -> 8
A32: 해적 | B32: 캡틴 | C32: STR | D32: DEX | E32: =COUNTIF(스킬데이터!$B:$B,$B32) -> 25 | F32: =COUNTIFS(스킬데이터!$B:$B,$B32,스킬데이터!$F:$F,"<>") -> 0 | G32: =COUNTIFS(스킬데이터!$B:$B,$B32,스킬데이터!$L:$L,"<>") -> 1 | H32: =COUNTIFS(스킬데이터!$B:$B,$B32,스킬데이터!$I:$I,"<>") -> 11
... A34: 시그너스 | B34: 나이트워커 | C34: LUK | D34: DEX | E34: =COUNTIF(스킬데이터!$B:$B,$B34) -> 25 | F34: =COUNTIFS(스킬데이터!$B:$B,$B34,스킬데이터!$F:$F,"<>") -> 7 | G34: =COUNTIFS(스킬데이터!$B:$B,$B34,스킬데이터!$L:$L,"<>") -> 16 | H34: =COUNTIFS(스킬데이터!$B:$B,$B34,스킬데이터!$I:$I,"<>") -> 5
